Sensors,shannon entropy
TP9,0.8046174502365863
AF7,0.5442554239080342
AF8,1.5077137832853822
TP10,0.7610447854472339
