Sensors,spectral edge frequency
TP9,-0.10306229662965471
AF7,-0.09950985621620474
AF8,-0.10666203665901122
TP10,-0.10179867850409474
